{"cameraMode":{"drawMode":0,"name":"Shaded","section":"Shading Mode"},"sceneLighting":true,"audioPlay":false,"sceneViewState":{"showFog":true,"showMaterialUpdate":false,"showSkybox":true,"showFlares":true,"showImageEffects":true,"showParticleSystems":true},"in2DMode":false,"pivot":{"x":0.2573656439781189,"y":0.45508337020874026,"z":0.7855823040008545},"rotation":{"x":-0.0160819198936224,"y":0.7757477164268494,"z":-0.630531907081604,"w":-0.019786981865763665},"size":6.129347801208496,"orthographic":false}