{"cameraMode":{"drawMode":0,"name":"Shaded","section":"Shading Mode"},"sceneLighting":true,"audioPlay":false,"sceneViewState":{"showFog":true,"showMaterialUpdate":false,"showSkybox":true,"showFlares":true,"showImageEffects":true,"showParticleSystems":true},"in2DMode":false,"pivot":{"x":0.46665871143341067,"y":-0.9053459167480469,"z":0.9619755744934082},"rotation":{"x":-0.07837694883346558,"y":0.8716860413551331,"z":-0.46046727895736697,"w":-0.14838853478431703},"size":8.95127010345459,"orthographic":false}