{"cameraMode":{"drawMode":0,"name":"Shaded","section":"Shading Mode"},"sceneLighting":false,"audioPlay":false,"sceneViewState":{"showFog":true,"showMaterialUpdate":false,"showSkybox":true,"showFlares":true,"showImageEffects":true,"showParticleSystems":true},"in2DMode":false,"pivot":{"x":0.8461377620697022,"y":0.5342755317687988,"z":-0.9848332405090332},"rotation":{"x":-0.0777432918548584,"y":0.8962390422821045,"z":-0.4005686938762665,"w":-0.1739441305398941},"size":12.533184051513672,"orthographic":false}